momento,file,titolo_proposto,durata_sec,durata,categoria_proposta,confidenza,indizio,tappeto_serve,duplicato_di
arrivo,alan_frijns-berwick-meditative-ambient-soundscape-for-learning-and-relaxing-95394.mp3,"Berwick, paesaggio meditativo",1274.0,21:14,ambient,alta,allocazione founder 22/9,si,
ascesa,alan_frijns-calling-emotional-angelic-melodic-female-vocal-background-music-111318.mp3,"Calling, voce angelica",470.0,7:50,voce,alta,allocazione founder 22/9,si,
ascesa,alan_frijns-dereen-cinematic-orchestral-uplifting-chillout-music-for-video-108868.mp3,"Dereen, orchestra che sale",255.0,4:15,melodie,media,allocazione founder 22/9,si,
rientro,alan_frijns-full-moon-deep-relaxation-meditation-yoga-zen-positive-sleep-music-140639.mp3,"Luna piena, rilassamento profondo",1500.0,25:00,ambient,alta,allocazione founder 22/9,si,
arrivo,alan_frijns-jindalba-foot-of-the-mountain-river-ancient-flute-for-mental-health-409966.mp3,"Jindalba, flauto sul fiume",600.0,10:00,melodie,media,allocazione founder 22/9,si,
arrivo,alan_frijns-meditation-at-the-river-yoga-zen-relaxation-positive-sleep-music-140641.mp3,Meditazione al fiume,1500.0,25:00,ambient,alta,allocazione founder 22/9,si,
catarsi,alan_frijns-mossman-gorge-river-of-stone-and-spirit-emotional-cello-and-piano-409964.mp3,"Mossman Gorge, violoncello e piano",586.0,9:46,melodie,media,allocazione founder 22/9,si,
ascesa,alan_frijns-the-hollow-of-serenity-emotional-empowering-fantasy-film-music-375671.mp3,The Hollow of Serenity,209.0,3:29,melodie,media,allocazione founder 22/9,no,
rientro,viacheslavstarostin-spiritual-healing-music-467790.mp3,Spiritual healing,432.0,7:12,ambient,media,allocazione founder 22/9,si,
attivazione,alan_frijns-be-your-word-melodic-sport-running-relax-and-chillout-music-124205.mp3,"Be Your Word, corsa melodica",432.0,7:12,danza,media,allocazione founder 22/9,si,
attivazione,alan_frijns-eleven-chillout-lounge-cinematic-ambient-melodic-music-124644.mp3,"Eleven, lounge cinematico",595.0,9:55,danza,media,allocazione founder 22/9,si,
ascesa,alan_frijns-moher-cinematic-electronic-uplifting-chillout-music-for-video-108870.mp3,"Moher, elettronica che sale",390.0,6:30,danza,media,allocazione founder 22/9,si,
attivazione,jakob_welik-breath-of-the-earth-451543.mp3,Breath of the Earth,178.0,2:58,danza,bassa,allocazione founder 22/9,no,
catarsi,jakob_welik-drift-between-fires-451561.mp3,Drift Between Fires,257.0,4:17,danza,bassa,allocazione founder 22/9,si,
attivazione,jakob_welik-morning-inside-the-chest-452764.mp3,Morning Inside the Chest,315.0,5:15,danza,bassa,allocazione founder 22/9,si,
arrivo,jakob_welik-roots-remember-452708.mp3,Roots Remember,237.0,3:57,danza,bassa,allocazione founder 22/9,no,
catarsi,jakob_welik-twilight-caravan-451542.mp3,Twilight Caravan,174.0,2:54,danza,bassa,allocazione founder 22/9,no,
ascesa,polytunes-epic-glory-596500.mp3,Epic Glory,275.0,4:35,danza,media,allocazione founder 22/9,si,
attivazione,roman_sol-lassana-553022.mp3,Lassana,188.0,3:08,danza,bassa,allocazione founder 22/9,no,
catarsi,vibrazione_gola_sciamanica.mp3,Vibrazione di gola sciamanica,152.0,2:32,voce,alta,allocazione founder 22/9,no,
ascesa,alan_frijns-healing-earth-soothing-celtic-female-vocal-waltz-music-456207.mp3,"Healing Earth, voce celtica",205.0,3:25,voce,alta,allocazione founder 22/9,no,
ascesa,alan_frijns-healing-earth-soothing-celtic-female-vocal-waltz-music-long-version-456208.mp3,"Healing Earth, voce celtica (versione lunga)",397.0,6:37,voce,alta,allocazione founder 22/9,si,
arrivo,sounovamusic-shaman-grounding-extended-418780.mp3,Shaman Grounding,344.0,5:44,voce,alta,allocazione founder 22/9,si,
