id,titolo,momento,durata,categoria_attuale,categoria_proposta,indizio
b562c265-0d86-4675-96f3-b915ffabae9c,Acoustic acoustic background music,attivazione,2:19,ambient,melodie,music
1c4c9e89-d90b-47f7-a56b-9ff5fb41f13d,Acoustic acoustic guitar music,attivazione,2:17,ambient,melodie,guitar
ea57fede-a5d4-45f8-a22b-a50a06d37504,Acoustic acoustic music,attivazione,2:24,ambient,melodie,music
2f381585-91ff-43b7-a608-8d29f7e7169b,Acoustic guitar music,attivazione,3:38,ambient,melodie,guitar
ecd6c3bb-6679-41ac-b4dd-2c6542830b8a,Bearstockmusic inspire,attivazione,1:56,ambient,melodie,music
9fd4e13e-236c-423b-9f40-5a4649f2fe7e,Beatitudine,,30:00,ambient,danza,beat
157b0413-31e8-4cf2-8c39-92cd243e233d,Calm calm music,rientro,1:12,ambient,melodie,music
56eb2aa2-b2ad-491c-913f-8bfc151ee27f,Calming and relaxing meditation music,arrivo,4:48,ambient,melodie,music
c9cab904-754e-4cba-bda3-02db31e24d72,Emotional cinematic orchestra piano,rientro,2:23,ambient,melodie,emotional
1a97c5e0-a33f-47a3-8a46-0287bb0a8aae,Flauto zen,,10:00,ambient,melodie,flauto
eb59ed35-5faf-46a5-be5d-5cce27fad6e7,Flight of your muse background music for meditation,rientro,7:11,ambient,melodie,music
dcb1b915-02bc-472e-90da-27ce72fc8661,Freemusicforvideo meditation background,arrivo,7:52,ambient,melodie,music
94352271-e977-4a12-851d-af9e615c871e,Inspirational inspirational music,rientro,1:32,ambient,melodie,music
78809d14-8f72-41ea-951b-48275434db32,Inspirational piano,rientro,2:58,ambient,melodie,piano
9f74b770-834e-445f-baf5-366a7bf729ec,Inspiring cinematic music,ascesa,2:12,ambient,melodie,cinematic
ee3c6445-8752-4bdf-b500-bd407eb8fa49,Konstantinpazuzustudio sacred harp for relaxation,arrivo,3:21,ambient,melodie,harp
8df32d37-8c29-4fee-9b05-cc409e07ba79,Leberch flute,rientro,2:22,ambient,melodie,flute
2605f9e6-a799-4ee8-910b-5e5c37efd17c,Lix khutulun fantasy amp battle background music,catarsi,3:22,ambient,melodie,music
9ccb61c1-2664-42a6-ba2a-ee770ea55e56,Love love acoustic music,attivazione,2:07,ambient,melodie,music
541a7714-91ae-4c62-8750-934bc2261eb4,Luxury luxury music,rientro,1:33,ambient,melodie,music
66816a15-4860-4394-bc72-46ef2831911b,Meditation background music,arrivo,9:15,ambient,melodie,music
db2ac133-87eb-4bfc-8dcf-59bc2f2f840d,Meditation meditation music,arrivo,9:06,ambient,melodie,music
9045f605-e9e6-4060-82b5-8e0e4ef77d8f,Meditation meditation music,arrivo,5:38,ambient,melodie,music
2c21ceda-5aa5-4947-bc3b-8eb143f350ad,Meditation meditation music,arrivo,5:24,ambient,melodie,music
d813457f-8c19-4e5c-9c95-a0aef947d82e,Meditation meditation music,arrivo,4:56,ambient,melodie,music
c61fe82b-1650-418c-9f47-90eb022c0bfe,Meditation music,arrivo,8:42,ambient,melodie,music
57daf299-ed1a-4ae3-a0a0-072673f68f29,Meditation yoga relaxing music,arrivo,9:48,ambient,melodie,music
0f9be269-6fd1-4bb0-9e7d-ba6cb270a789,Minimal piano,rientro,2:57,ambient,melodie,piano
af148e50-036d-443b-9f78-7df12c6508e0,Morgan ancient temple mysterious ethnic music,ascesa,3:13,ambient,melodie,music
6598e077-9419-47f1-a758-a4542581fb32,Morgan calm piano,ascesa,1:58,ambient,melodie,piano
445637ad-8a17-4e2e-b40e-a3137f0a45ff,Morgan jingle podcast intro radio music,ascesa,1:20,ambient,melodie,music
5e999129-d186-4271-b92b-b318d29c60a2,Morgan lobby music hotel ambient,ascesa,1:57,ambient,melodie,music
bc459a95-fac6-4af3-bd78-d5397b3ffa8f,Morgan spiritual healing music,ascesa,3:42,ambient,melodie,music
1461cd3c-754a-4a93-88ef-25e9c1804a02,Music for relax yoga meditation,rientro,6:25,ambient,melodie,music
851d67d0-3951-4a73-99e1-2112a06998b0,Old tolchaco southwest native american indian flute music,arrivo,5:29,ambient,melodie,flute
a7ddc2dd-4dc1-4c36-a2d7-a585727d76b6,Slow music,attivazione,1:05,ambient,melodie,music
b04f9bdb-9899-4802-9799-1a264d661238,Soul inspirational background music april in motion,ascesa,3:39,ambient,melodie,music
6c0bad7b-0297-40ab-83ca-5e4e17dd3be4,Spa spa music,arrivo,7:26,ambient,melodie,music
d78e93d2-d6de-4ab5-b5d9-f1a5de35b364,Sub clair technology,catarsi,2:13,ambient,danza,techno
3082fdb9-3c81-4ebf-8d89-1fb1722b2c69,Tim kulig free music a new king,catarsi,3:02,ambient,melodie,music
be3a04f1-e26a-43aa-80b3-6afe8f1a8625,Tim kulig free music feast celebration,catarsi,3:20,ambient,melodie,music
415a13a3-f1a7-4506-8acf-961a9bd06333,Viacheslavstarostin meditation meditation music,arrivo,9:54,ambient,melodie,music
58ad8d6d-6efa-4224-bc16-42ace280e4d1,Warm acoustic guitar,ascesa,1:34,ambient,melodie,guitar
2fed6a9b-c921-4ca8-82d3-4443c1417434,Warm warm acoustic music,ascesa,2:20,ambient,melodie,music
fb505740-8cce-44bb-a7f8-a67fb08b9053,Writing music,rientro,2:44,ambient,melodie,music
c9fe00c0-fe42-4522-9d68-f4ca9ee6c08e,Ambient calm ambient dreamscape,ascesa,3:42,ambient,ambient,
876e2e6d-2778-4d0a-a6cc-2f73c8a97675,Ambient instrumental,ascesa,2:58,ambient,ambient,
b7949520-0118-43d8-a93c-3fe511945314,Ascensione celeste,,5:00,ambient,ambient,
daefbfce-d4f1-4728-89fb-3eeccd41ef54,Atlasaudio documentary,rientro,2:26,ambient,ambient,
85b15e56-4bb8-4a28-93c4-8730aae8b0fd,Atlasaudio spa,arrivo,7:50,ambient,ambient,
ab347777-2acd-41e1-8674-b53be6574805,Atmosfera,,30:00,ambient,ambient,
7b5cc288-60bb-4ed9-81b1-068b5955e057,"Berwick, paesaggio meditativo",arrivo,21:14,ambient,ambient,
65fd87a0-ae24-455e-9c6a-b4fbcb1bee8f,Buddhist meditation,arrivo,5:38,ambient,ambient,
6dac2783-5ecd-44c7-93f3-b5d3b1ee0d35,Coro angelico,,18:08,ambient,ambient,
0d642a31-97a9-4e5a-bce4-8915d63a14ac,Dark ambient soundscape dreamscape,rientro,4:17,ambient,ambient,
8bb495ba-550e-48b3-93eb-ac03a6a8684d,Deep meditation,arrivo,4:54,ambient,ambient,
40476c93-7b17-4cb1-bd2e-b51c09f5b4d8,Dune,,4:56,ambient,ambient,
7ce3a90e-d646-4869-82c4-89c1d394a127,Elijah k sacred,arrivo,1:30,ambient,ambient,
5c2c88ee-cb7e-44cf-abc2-5826b45d6a63,Eternal stillness,arrivo,4:32,ambient,ambient,
fdad680c-4a5f-4b30-a894-c4367224a653,Galaxy,,10:00,ambient,ambient,
a5df2fe2-be35-4bf5-b9d3-cc1e5ccbcc38,Garden of stillness,,5:52,ambient,ambient,
2293d149-8dd2-4ac4-b2a0-55dfbb6bc47a,Handpan,,5:12,ambient,ambient,
6bb207fd-29ff-4323-8add-7363dd11054a,Holy atmosphere,arrivo,3:43,ambient,ambient,
ea5efa69-f3a5-4985-bba5-2e2bcbb13ac4,Hypnotic tanpura meditation pure indian classical soundscape,arrivo,2:36,ambient,ambient,
61090dec-15f8-475e-9f59-c31c1bcb8a5a,India happy tantra,catarsi,2:11,ambient,ambient,
318984a0-8c18-4652-925e-4093eaab499c,Leberch calm,rientro,3:04,ambient,ambient,
d214e78c-f15e-4721-a5b0-e0967e622ab0,Leberch focus,arrivo,4:26,ambient,ambient,
4457f0bd-8a22-4a13-be9e-43c771e25fa7,Leberch meditation,arrivo,3:06,ambient,ambient,
6f7cc4df-f8b8-4546-917f-396ff62149be,Leberch peaceful,rientro,2:20,ambient,ambient,
3d6e7d45-8f33-4264-804d-2b7446562bf7,Leberch prayer,rientro,3:16,ambient,ambient,
0c00103a-c63c-4862-af33-bb7f96fd3039,"Luna piena, rilassamento profondo",rientro,25:00,ambient,ambient,
113cf1cf-50fd-4bea-bd34-1cc5943df8fb,Meditation ambient,arrivo,5:06,ambient,ambient,
8b487eb1-cc1c-4d85-b0ab-abc705a58605,Meditation healing,arrivo,7:04,ambient,ambient,
bb2cc64b-0b53-4111-914a-26b5f42a80bc,Meditation in africa,catarsi,1:54,ambient,ambient,
dedcce07-e022-49f0-bad3-856156e56c22,Meditazione al fiume,arrivo,25:00,ambient,ambient,
bb280571-4954-4022-8d8e-e5fbd4f91d50,Moment of peace mickeyscat,rientro,2:32,ambient,ambient,
c60fbe63-021a-4b0f-8fbc-4ca7daa486e0,Morgan ambient,ascesa,3:12,ambient,ambient,
f4b057f2-f506-45f3-88ef-d8d4e2d585b2,Morgan corporate,ascesa,2:08,ambient,ambient,
cba3096b-68a9-4bdd-9a49-346f52a6c49e,Morgan downtempo chill electronic,ascesa,3:18,ambient,ambient,
3144ae00-79bf-4650-8231-58277855d40a,Morgan light airy soft daylight,ascesa,1:27,ambient,ambient,
6097ab1d-4936-495b-9c74-70dd972c0fb8,Morgan yoga sunrise flow stretch,ascesa,2:54,ambient,ambient,
3b375f7a-a617-4f47-ae08-d78ac29c146e,Onetent sacred,arrivo,6:44,ambient,ambient,
d929f768-c2ff-483c-b295-35b053597c05,Paulyudin warm,ascesa,2:11,ambient,ambient,
6d6cad30-8ac1-4c0d-b30e-ce85f48cd8c4,Pioggia e sonno,,14:36,ambient,ambient,
5df13cb9-6205-4c28-aeff-effa8e5eb7ce,Positive acoustic,attivazione,2:19,ambient,ambient,
d05c1623-4002-4c16-be29-3da6a345637e,Prettyjohn1 calm,rientro,2:16,ambient,ambient,
f1d831dc-27b6-488e-8cbc-c047216d91af,Prettyjohn1 relax 60sec,rientro,0:59,ambient,ambient,
b441970e-83b4-4e12-852b-70b40bcc85e2,Reiki healing,,30:00,ambient,ambient,
509981a8-b24c-4c0f-b552-cf3c3e2d3179,Solfeggio frequencies,arrivo,6:04,ambient,ambient,
e58b1552-c860-4452-ac1d-ee4c2f0ecb08,Sound healing,rientro,2:24,ambient,ambient,
5b7e48e0-7629-4406-ad69-747b6766f38a,Sound healing,arrivo,6:08,ambient,ambient,
4f3a6446-50b3-4743-8743-949fcd6d30f7,Spa relaxation,arrivo,5:30,ambient,ambient,
22bff1de-d2bd-44c2-a802-d870446392a3,Spiritual healing,rientro,7:12,ambient,ambient,
1a256116-139a-4e59-b920-c497873e7fce,Spiritual meditation,arrivo,5:26,ambient,ambient,
8a19ec56-7756-4649-bf8a-45068100da10,Sub clair ambient,ascesa,2:58,ambient,ambient,
053a06c0-1187-4b24-80e2-ca4055f5f26c,Sub clair calm,ascesa,2:30,ambient,ambient,
cfc3047c-50de-47fe-a05a-52103f5d4a7e,Synaptic silence,ascesa,3:02,ambient,ambient,
7730bcee-b5e1-4aa1-b57a-a5d62e321394,Tai Chi garden,,30:00,ambient,ambient,
6104b369-4a13-4c6c-b5f5-68e38e3de0ec,Tappeto zen,,10:00,ambient,ambient,
1e809ded-aab2-40fd-bc2c-2a35ab3eade0,The mountain inspire,attivazione,1:52,ambient,ambient,
f847bc88-48be-4dbd-847d-1fb3bdba46c3,The rowan boat,attivazione,2:34,ambient,ambient,
73c596f1-7dd4-4b3c-9d48-9d1439f69d64,Third eye meditation,arrivo,3:56,ambient,ambient,
dddb3b10-83b5-4620-b827-688327a0baf5,Too Brief A Time To Be Anything,,30:00,ambient,ambient,
faf700ac-6906-4e43-a406-0b14bd3872d5,Venti minuti · due,,20:00,ambient,ambient,
f07d57e5-6efe-4096-b026-f3f5a977820e,Venti minuti · uno,,20:00,ambient,ambient,
9f43c8bc-8af2-4e57-a7ae-2dbb0b879039,Warm emotion,ascesa,1:46,ambient,ambient,
6ee1bb44-0f3b-4b6a-a1ec-48ef18b45e55,Water Forest,,4:38,ambient,ambient,
8906c7f1-aafc-4813-88e5-4f63ed9e1ab6,Zen garden,,8:00,ambient,ambient,
